,x,y,particle_id,frame_number
3,269.6923076923077,236.92307692307693,3.0,460
4,311.8378378378378,236.64864864864865,4.0,460
12,296.82142857142856,238.67857142857142,12.0,460
13,380.3142857142857,238.62857142857143,13.0,460
73,287.1764705882353,253.85294117647058,73.0,460
83,246.71052631578948,254.97368421052633,83.0,460
85,346.5681818181818,255.0909090909091,85.0,460
86,360.7,255.1,86.0,460
105,394.9,257.3,105.0,460
132,1281.6216216216217,259.7567567567568,132.0,460
160,279.0952380952381,238.14285714285714,3.0,461
161,323.5416666666667,237.75,4.0,461
166,307.3863636363636,240.0,12.0,461
167,391.9047619047619,240.11904761904762,13.0,461
230,296.67391304347825,255.32608695652175,73.0,461
244,258.1111111111111,256.9111111111111,83.0,461
236,357.0731707317073,256.0975609756098,85.0,461
245,370.95454545454544,256.8636363636364,86.0,461
253,404.2432432432432,258.64864864864865,105.0,461
304,1281.5,265.0,132.0,461
228,101.89583333333333,255.125,228.0,461
270,312.4642857142857,259.39285714285717,270.0,461
321,291.1666666666667,239.3125,3.0,462
322,335.4339622641509,239.03773584905662,4.0,462
325,320.6818181818182,241.29545454545453,12.0,462
329,404.0,242.0,13.0,462
397,308.8,256.62,73.0,462
412,270.3,258.94,83.0,462
405,368.5128205128205,257.87179487179486,85.0,462
413,383.25531914893617,259.27659574468083,86.0,462
424,416.3157894736842,260.2894736842105,105.0,462
456,1274.090909090909,263.09090909090907,132.0,462
400,96.44444444444444,257.7111111111111,228.0,462
421,324.02941176470586,259.94117647058823,270.0,462
318,164.67391304347825,238.8695652173913,318.0,462
319,126.51724137931035,239.41379310344828,319.0,462
320,212.77358490566039,239.35849056603774,320.0,462
334,266.3636363636364,243.0,334.0,462
351,357.90909090909093,243.8181818181818,351.0,462
356,1071.2307692307693,244.46153846153845,356.0,462
389,73.91666666666667,255.54166666666666,389.0,462
390,296.037037037037,255.22222222222223,390.0,462
394,113.75,256.20454545454544,394.0,462
396,254.65217391304347,256.9782608695652,396.0,462
401,156.26530612244898,258.7959183673469,401.0,462
402,192.85714285714286,258.6734693877551,402.0,462
403,239.62222222222223,258.0444444444444,403.0,462
420,141.35294117647058,259.05882352941177,420.0,462
459,846.2439024390244,264.0487804878049,459.0,462
490,303.6666666666667,240.83333333333334,3.0,463
489,348.1,239.88,4.0,463
495,333.125,242.875,12.0,463
500,416.76,243.78,13.0,463
565,320.9555555555556,257.44444444444446,73.0,463
578,282.1458333333333,260.375,83.0,463
571,379.9130434782609,259.30434782608694,85.0,463
590,396.08,260.68,86.0,463
599,427.8857142857143,261.54285714285714,105.0,463
626,1266.857142857143,265.87142857142857,132.0,463
569,108.72916666666667,258.9791666666667,228.0,463
598,334.96774193548384,261.64516129032256,270.0,463
487,178.0,239.95,318.0,463
486,137.82051282051282,239.87179487179486,319.0,463
488,225.87234042553192,239.82978723404256,320.0,463
499,275.86486486486484,243.8108108108108,334.0,463
515,369.6829268292683,245.6829268292683,351.0,463
509,1066.775,243.65,356.0,463
563,85.91666666666667,257.3125,389.0,463
561,307.57142857142856,256.39285714285717,390.0,463
564,125.34042553191489,257.3404255319149,394.0,463
570,267.17021276595744,258.93617021276594,396.0,463
575,168.55555555555554,260.15555555555557,401.0,463
576,204.5531914893617,260.36170212765956,402.0,463
577,252.11363636363637,259.6136363636364,403.0,463
589,152.58333333333334,260.2916666666667,420.0,463
624,842.8780487804878,265.4634146341463,459.0,463
498,244.63636363636363,243.4848484848485,498.0,463
513,928.5,245.5,513.0,463
514,1103.0,244.0,514.0,463
655,315.06,242.6,3.0,464
653,361.4117647058824,240.68627450980392,4.0,464
661,346.0,244.0,12.0,464
666,428.8095238095238,245.4047619047619,13.0,464
731,332.9591836734694,259.2244897959184,73.0,464
739,294.1666666666667,261.3125,83.0,464
741,391.22857142857146,260.74285714285713,85.0,464
751,408.7708333333333,261.7708333333333,86.0,464
752,434.44,262.6666666666667,105.0,464
789,1260.9583333333333,265.375,132.0,464
732,121.57777777777778,259.8666666666667,228.0,464
761,347.8611111111111,263.05555555555554,270.0,464
656,191.5,242.32142857142858,318.0,464
654,150.9375,242.1875,319.0,464
652,239.51923076923077,241.1346153846154,320.0,464
669,289.13157894736844,245.52631578947367,334.0,464
679,381.6530612244898,246.9795918367347,351.0,464
698,1061.5882352941176,248.6764705882353,356.0,464
729,98.53846153846153,258.9230769230769,389.0,464
727,318.61538461538464,257.5769230769231,390.0,464
726,137.3265306122449,258.46938775510205,394.0,464
734,279.1219512195122,259.5365853658537,396.0,464
749,180.4090909090909,261.65909090909093,401.0,464
750,215.84375,261.59375,402.0,464
738,264.25531914893617,261.27659574468083,403.0,464
748,167.7,261.4,420.0,464
768,839.4117647058823,263.45098039215685,459.0,464
660,256.94736842105266,244.05263157894737,498.0,464
689,926.3,247.6,513.0,464
690,1094.7428571428572,247.9142857142857,514.0,464
674,769.04,246.36,674.0,464
684,941.156862745098,247.31372549019608,684.0,464
769,900.1702127659574,263.27659574468083,769.0,464
774,765.1142857142858,263.45714285714286,774.0,464
825,327.25531914893617,243.36170212765958,3.0,465
822,374.54,241.76,4.0,465
831,358.5882352941176,244.80392156862746,12.0,465
836,441.9130434782609,245.84782608695653,13.0,465
897,345.6530612244898,259.7959183673469,73.0,465
913,307.57142857142856,262.734693877551,83.0,465
915,403.39130434782606,262.5652173913044,85.0,465
916,420.7307692307692,263.53846153846155,86.0,465
905,444.9529411764706,263.18823529411765,105.0,465
943,1256.3181818181818,265.6363636363636,132.0,465
898,133.54054054054055,261.2162162162162,228.0,465
933,361.2121212121212,264.4848484848485,270.0,465
827,203.65714285714284,243.54285714285714,318.0,465
823,163.2941176470588,243.35294117647058,319.0,465
824,253.19230769230768,242.8846153846154,320.0,465
837,300.3404255319149,246.72340425531914,334.0,465
846,394.36170212765956,247.93617021276594,351.0,465
864,1057.3103448275863,249.3793103448276,356.0,465
894,110.65957446808511,259.78723404255317,389.0,465
892,331.2903225806452,258.38709677419354,390.0,465
895,148.125,259.65625,394.0,465
899,291.6046511627907,260.9767441860465,396.0,465
911,192.75471698113208,262.9056603773585,401.0,465
912,228.7058823529412,262.70588235294116,402.0,465
904,276.64814814814815,262.55555555555554,403.0,465
903,178.2608695652174,262.45652173913044,420.0,465
938,838.5,264.2,459.0,465
830,269.2631578947368,244.5,498.0,465
869,926.2777777777778,250.5,513.0,465
852,1092.025641025641,247.87179487179486,514.0,465
850,765.4255319148937,248.31914893617022,674.0,465
863,941.1428571428571,249.11428571428573,684.0,465
940,898.1290322580645,264.80645161290323,769.0,465
922,760.4444444444445,263.0740740740741,774.0,465
843,781.8936170212766,247.25531914893617,843.0,465
853,1128.7142857142858,247.0,853.0,465
858,955.1333333333333,248.66666666666666,858.0,465
865,1108.157894736842,249.89473684210526,865.0,465
947,939.2083333333334,266.4583333333333,947.0,465
961,1287.578947368421,268.5,961.0,465
988,339.21276595744683,243.89361702127658,3.0,466
986,386.811320754717,242.9433962264151,4.0,466
995,371.6530612244898,245.53061224489795,12.0,466
1003,453.9347826086956,246.7826086956522,13.0,466
1069,357.6818181818182,260.5681818181818,73.0,466
1078,319.4909090909091,263.3090909090909,83.0,466
1087,416.0,263.5,85.0,466
1095,433.8627450980392,265.05882352941177,86.0,466
1088,453.72093023255815,263.95348837209303,105.0,466
1070,143.27777777777777,261.8888888888889,228.0,466
1104,372.38461538461536,265.53846153846155,270.0,466
993,214.65217391304347,244.34782608695653,318.0,466
991,173.46153846153845,244.84615384615384,319.0,466
987,264.6595744680851,244.29787234042553,320.0,466
1002,312.078431372549,247.2941176470588,334.0,466
1014,406.9166666666667,248.89583333333334,351.0,466
1044,1052.1136363636363,253.61363636363637,356.0,466
1067,122.2,260.92,389.0,466
1065,343.62068965517244,259.37931034482756,390.0,466
1071,159.5,260.5,394.0,466
1072,304.21875,261.875,396.0,466
1085,204.76190476190476,263.5,401.0,466
1086,239.27272727272728,263.5,402.0,466
1077,289.25531914893617,263.6170212765957,403.0,466
1076,189.89583333333334,263.125,420.0,466
1125,835.2368421052631,269.4736842105263,459.0,466
994,280.8085106382979,245.29787234042553,498.0,466
1028,925.1818181818181,250.1818181818182,513.0,466
1031,1087.4318181818182,250.8409090909091,514.0,466
1011,764.9,248.3,674.0,466
1034,938.775,251.5,684.0,466
1127,894.7142857142857,269.8333333333333,769.0,466
1092,760.4468085106383,263.6595744680851,774.0,466
1020,778.6595744680851,249.80851063829786,843.0,466
1035,1121.25,251.45,853.0,466
1029,952.5357142857143,250.60714285714286,858.0,466
1025,1104.5365853658536,250.26829268292684,865.0,466
1128,937.1428571428571,269.89285714285717,947.0,466
1123,1284.88,268.44,961.0,466
1012,795.1304347826087,248.15217391304347,1012.0,466
1023,966.8695652173913,249.65217391304347,1023.0,466
1100,964.0833333333334,264.6388888888889,1100.0,466
1132,1324.2307692307693,269.46153846153845,1132.0,466
1134,1467.88,269.44,1134.0,466
1153,1463.896551724138,278.62068965517244,1153.0,466
1154,1502.128205128205,279.5128205128205,1154.0,466
1156,1478.741935483871,283.16129032258067,1156.0,466
1238,314.54545454545456,262.8636363636364,83.0,467
1239,405.01063829787233,264.75531914893617,85.0,467
1254,427.55,264.65,86.0,467
1256,446.74468085106383,265.63829787234044,105.0,467
1182,261.34615384615387,249.80769230769232,320.0,467
1218,1045.857142857143,256.2244897959184,356.0,467
1235,285.4117647058824,261.19607843137254,403.0,467
1161,277.36,245.24,498.0,467
1189,926.4047619047619,250.07142857142858,513.0,467
1198,1082.878787878788,251.45454545454547,514.0,467
1187,762.7555555555556,249.46666666666667,674.0,467
1205,940.8,251.4,684.0,467
1286,892.7714285714286,270.4,769.0,467
1249,760.08,264.0,774.0,467
1188,777.7777777777778,249.5,843.0,467
1200,1117.25,251.45454545454547,853.0,467
1196,951.4347826086956,251.91304347826087,858.0,467
1199,1098.860465116279,251.4418604651163,865.0,467
1271,936.4318181818181,266.75,947.0,467
1282,1281.0,268.0,961.0,467
1192,791.1632653061224,251.24489795918367,1012.0,467
1197,965.2647058823529,251.52941176470588,1023.0,467
1281,963.3571428571429,268.60714285714283,1100.0,467
1300,1324.5,271.3636363636364,1132.0,467
1293,1480.7916666666667,270.625,1134.0,467
1313,1476.3125,280.03125,1153.0,467
1314,1513.85,279.775,1154.0,467
1316,1492.08,285.44,1156.0,467
1165,190.3181818181818,245.70454545454547,1165.0,467
1227,1501.5,257.6363636363636,1227.0,467
1237,202.19148936170214,263.4468085106383,1237.0,467
1246,491.3777777777778,263.53333333333336,1246.0,467
1258,476.7317073170732,265.8048780487805,1258.0,467
1413,313.6279069767442,265.8139534883721,83.0,468
1414,439.0,265.7894736842105,105.0,468
1377,1077.547619047619,256.0952380952381,514.0,468
1335,757.9347826086956,248.15217391304347,674.0,468
1356,938.6279069767442,251.48837209302326,684.0,468
1431,889.8695652173913,267.6521739130435,769.0,468
1406,757.4888888888889,263.64444444444445,774.0,468
1344,774.6279069767442,250.02325581395348,843.0,468
1365,1111.1363636363637,253.04545454545453,853.0,468
1364,952.8571428571429,252.07142857142858,858.0,468
1358,1094.1666666666667,252.33333333333334,865.0,468
1432,935.030303030303,267.3636363636364,947.0,468
1466,1275.157894736842,273.6842105263158,961.0,468
1345,790.0769230769231,250.07692307692307,1012.0,468
1368,966.5,253.0,1023.0,468
1449,962.3076923076923,271.28205128205127,1100.0,468
1462,1324.2941176470588,272.5,1132.0,468
1458,1492.121212121212,271.45454545454544,1134.0,468
1476,1488.5,281.0,1153.0,468
1477,1525.975,281.425,1154.0,468
1480,1503.090909090909,286.45454545454544,1156.0,468
1327,202.79245283018867,246.8679245283019,1165.0,468
1388,1511.2631578947369,258.5,1227.0,468
1401,213.88636363636363,264.29545454545456,1237.0,468
1420,489.56410256410254,266.56410256410254,1246.0,468
1419,475.89285714285717,267.0357142857143,1258.0,468
1321,87.86274509803921,242.7058823529412,1321.0,468
1325,152.33333333333334,246.0,1325.0,468
1342,259.6923076923077,250.07692307692307,1342.0,468
1346,820.625,249.60416666666666,1346.0,468
1347,76.06976744186046,251.02325581395348,1347.0,468
1392,30.86,261.4,1392.0,468
1393,114.15151515151516,261.1212121212121,1393.0,468
1394,147.10204081632654,261.9795918367347,1394.0,468
1395,243.75,261.9,1395.0,468
1400,163.26666666666668,263.5,1400.0,468
1402,228.8695652173913,263.6521739130435,1402.0,468
1425,98.76190476190476,267.5,1425.0,468
1548,1073.2325581395348,258.04651162790697,514.0,469
1500,771.6,248.76,843.0,469
1531,1108.6842105263158,253.0,853.0,469
1519,950.1818181818181,251.6060606060606,858.0,469
1549,1091.0243902439024,257.390243902439,865.0,469
1608,931.1136363636364,271.3181818181818,947.0,469
1634,1271.0,275.125,961.0,469
1510,788.1111111111111,251.08333333333334,1012.0,469
1529,967.5,252.875,1023.0,469
1604,961.1086956521739,268.9782608695652,1100.0,469
1619,1319.962962962963,271.7037037037037,1132.0,469
1623,1504.4137931034484,271.6551724137931,1134.0,469
1646,1500.8055555555557,282.44444444444446,1153.0,469
1647,1537.1463414634147,282.2682926829268,1154.0,469
1649,1515.2666666666667,287.5,1156.0,469
1492,216.76190476190476,247.5,1165.0,469
1556,1523.8478260869565,259.2826086956522,1227.0,469
1571,226.30434782608697,265.4130434782609,1237.0,469
1598,486.8181818181818,268.8863636363636,1246.0,469
1582,471.16,267.28,1258.0,469
1483,100.18867924528301,243.22641509433961,1321.0,469
1487,164.7058823529412,246.98039215686273,1325.0,469
1505,269.8974358974359,250.53846153846155,1342.0,469
1517,816.8181818181819,251.70454545454547,1346.0,469
1514,88.62790697674419,251.48837209302326,1347.0,469
1559,43.1219512195122,261.5365853658537,1392.0,469
1560,125.37777777777778,261.46666666666664,1393.0,469
1563,159.5,262.9259259259259,1394.0,469
1564,256.30434782608694,263.0217391304348,1395.0,469
1570,178.56,264.92,1400.0,469
1566,241.11363636363637,263.75,1402.0,469
1585,109.97727272727273,268.22727272727275,1425.0,469
1504,245.61904761904762,250.42857142857142,1504.0,469
1512,832.8695652173913,250.82608695652175,1512.0,469
1513,1006.4255319148937,251.2127659574468,1513.0,469
1575,516.6122448979592,266.0816326530612,1575.0,469
1576,539.4418604651163,265.7674418604651,1576.0,469
1602,828.4333333333333,268.76666666666665,1602.0,469
1607,1259.1333333333334,269.7,1607.0,469
1616,989.4642857142857,271.39285714285717,1616.0,469
1621,1448.76,272.0,1621.0,469
1624,1533.4642857142858,271.39285714285717,1624.0,469
1635,1289.8125,274.6875,1635.0,469
1714,1103.1914893617022,257.6808510638298,853.0,470
1713,1085.857142857143,258.3095238095238,865.0,470
1789,929.4117647058823,273.3529411764706,947.0,470
1671,784.1276595744681,249.51063829787233,1012.0,470
1695,963.3478260869565,252.95652173913044,1023.0,470
1769,959.8888888888889,269.44444444444446,1100.0,470
1793,1318.6363636363637,272.90909090909093,1132.0,470
1788,1516.2666666666667,272.5,1134.0,470
1813,1511.5365853658536,282.9512195121951,1153.0,470
1814,1548.7317073170732,283.2926829268293,1154.0,470
1817,1526.5,288.5,1156.0,470
1658,228.5,247.5,1165.0,470
1722,1536.1333333333334,259.9555555555556,1227.0,470
1740,238.82978723404256,266.48936170212767,1237.0,470
1748,483.0,267.5,1246.0,470
1763,463.0,268.0,1258.0,470
1651,112.93877551020408,243.44897959183675,1321.0,470
1657,176.8780487804878,247.46341463414635,1325.0,470
1673,282.8139534883721,250.5581395348837,1342.0,470
1678,816.0454545454545,251.13636363636363,1346.0,470
1681,101.62790697674419,251.48837209302326,1347.0,470
1726,55.6530612244898,262.6530612244898,1392.0,470
1723,136.76315789473685,261.55263157894734,1393.0,470
1730,171.26190476190476,263.5238095238095,1394.0,470
1727,269.1333333333333,263.26666666666665,1395.0,470
1735,186.48936170212767,265.4255319148936,1400.0,470
1736,253.8181818181818,264.70454545454544,1402.0,470
1761,122.73913043478261,269.5,1425.0,470
1668,254.88095238095238,250.33333333333334,1504.0,470
1687,828.8095238095239,251.76190476190476,1512.0,470
1699,1005.0769230769231,255.05128205128204,1513.0,470
1749,513.375,267.625,1575.0,470
1743,529.2727272727273,267.22727272727275,1576.0,470
1752,824.8571428571429,267.6,1602.0,470
1754,1254.25,268.14285714285717,1607.0,470
1778,987.0333333333333,272.1333333333333,1616.0,470
1795,1459.5384615384614,273.2692307692308,1621.0,470
1780,1545.16,271.88,1624.0,470
1803,1283.8648648648648,275.7027027027027,1635.0,470
1667,206.38095238095238,249.42857142857142,1666.0,470
1679,844.4897959183673,251.3673469387755,1678.0,470
1716,1469.5555555555557,257.55555555555554,1715.0,470
1783,1001.2307692307693,272.46153846153845,1782.0,470
1806,1531.8947368421052,275.57894736842104,1805.0,470
1808,1482.857142857143,277.5238095238095,1807.0,470
1876,1084.2173913043478,257.17391304347825,865.0,471
1937,926.4,269.54285714285714,947.0,471
1950,954.1219512195122,271.5365853658537,1100.0,471
1964,1527.1538461538462,273.9230769230769,1134.0,471
1987,1523.4666666666667,284.23333333333335,1153.0,471
1988,1560.7619047619048,283.5,1154.0,471
1989,1539.0,288.5,1156.0,471
1827,241.19565217391303,247.91304347826087,1165.0,471
1896,1548.8108108108108,261.1621621621622,1227.0,471
1913,251.44230769230768,267.15384615384613,1237.0,471
1926,474.7857142857143,268.35714285714283,1246.0,471
1915,460.3888888888889,267.037037037037,1258.0,471
1820,125.96078431372548,243.7058823529412,1321.0,471
1826,188.93023255813952,248.37209302325581,1325.0,471
1837,295.1764705882353,250.64705882352942,1342.0,471
1858,812.6279069767442,252.51162790697674,1346.0,471
1844,113.52777777777777,251.58333333333334,1347.0,471
1897,67.36363636363636,262.65909090909093,1392.0,471
1898,148.7391304347826,262.67391304347825,1393.0,471
1903,183.2051282051282,263.56410256410254,1394.0,471
1899,280.531914893617,263.3404255319149,1395.0,471
1909,199.28571428571428,266.3469387755102,1400.0,471
1905,264.86046511627904,265.3255813953488,1402.0,471
1934,134.42857142857142,270.0408163265306,1425.0,471
1845,269.0,251.25,1504.0,471
1842,826.3939393939394,251.1818181818182,1512.0,471
1869,1002.2631578947369,255.8421052631579,1513.0,471
1936,508.8958333333333,270.0416666666667,1575.0,471
1920,524.4772727272727,267.65909090909093,1576.0,471
1924,821.7735849056604,267.60377358490564,1602.0,471
1932,1265.88,268.56,1607.0,471
1944,983.9130434782609,271.1304347826087,1616.0,471
1963,1472.3076923076924,274.0769230769231,1621.0,471
1965,1556.8823529411766,273.4117647058824,1624.0,471
1976,1295.9166666666667,276.4166666666667,1635.0,471
1831,215.46808510638297,249.89361702127658,1666.0,471
1859,841.1219512195122,252.46341463414635,1678.0,471
1886,1481.8863636363637,258.27272727272725,1715.0,471
1953,999.0487804878048,273.1707317073171,1782.0,471
1979,1543.5,276.0,1805.0,471
1982,1494.0,278.125,1807.0,471
1823,150.53125,246.78125,1821.0,471
1890,1503.0,260.0,1888.0,471
1891,1517.6153846153845,259.38461538461536,1889.0,471
1960,1013.1481481481482,273.6296296296296,1958.0,471
2118,925.3846153846154,270.61538461538464,947.0,472
2141,953.2702702702703,274.64864864864865,1100.0,472
2146,1538.6666666666667,274.23333333333335,1134.0,472
2170,1535.4285714285713,285.54285714285714,1153.0,472
2169,1571.948717948718,283.8974358974359,1154.0,472
2171,1550.3793103448277,289.44827586206895,1156.0,472
1997,253.31914893617022,248.12765957446808,1165.0,472
2070,1560.7368421052631,261.5,1227.0,472
2087,264.01960784313724,267.2352941176471,1237.0,472
2092,472.38461538461536,267.46153846153845,1246.0,472
2083,457.8421052631579,266.0263157894737,1258.0,472
1991,138.19148936170214,243.5531914893617,1321.0,472
1999,201.0625,248.72916666666666,1325.0,472
2004,307.188679245283,251.1509433962264,1342.0,472
2012,810.188679245283,250.8490566037736,1346.0,472
2014,126.675,252.2,1347.0,472
2071,78.91666666666667,263.2916666666667,1392.0,472
2072,160.80392156862746,262.96078431372547,1393.0,472
2076,194.68421052631578,263.6842105263158,1394.0,472
2073,292.1818181818182,263.40909090909093,1395.0,472
2086,211.51923076923077,266.9807692307692,1400.0,472
2088,279.0,266.96875,1402.0,472
2114,146.3846153846154,270.53846153846155,1425.0,472
2015,282.88235294117646,251.41176470588235,1504.0,472
2026,825.953488372093,253.02325581395348,1512.0,472
2040,1003.5,254.5,1513.0,472
2100,506.2857142857143,269.2857142857143,1575.0,472
2105,522.5,269.5652173913044,1576.0,472
2096,821.3333333333334,267.3703703703704,1602.0,472
2112,1277.4642857142858,269.39285714285717,1607.0,472
2126,983.5,271.3333333333333,1616.0,472
2145,1483.8461538461538,274.8076923076923,1621.0,472
2147,1566.111111111111,274.6666666666667,1624.0,472
2158,1306.4666666666667,277.03333333333336,1635.0,472
2002,227.74468085106383,250.36170212765958,1666.0,472
2020,839.6428571428571,251.28571428571428,1678.0,472
2060,1494.2391304347825,259.2608695652174,1715.0,472
2127,996.7368421052631,271.5,1782.0,472
2160,1554.8333333333333,276.7916666666667,1805.0,472
2164,1507.25,279.45,1807.0,472
1994,161.3409090909091,247.0,1821.0,472
2066,1515.2777777777778,261.19444444444446,1888.0,472
2064,1528.5,259.5,1889.0,472
2134,1010.6666666666666,274.45238095238096,1958.0,472
2028,869.0,252.6595744680851,2021.0,472
2312,921.3846153846154,272.53846153846155,947.0,473
2297,950.2325581395348,270.6511627906977,1100.0,473
2318,1549.68,273.56,1134.0,473
2352,1545.8823529411766,285.70588235294116,1153.0,473
2351,1582.7272727272727,285.1363636363636,1154.0,473
2353,1561.2424242424242,289.75757575757575,1156.0,473
2178,265.45454545454544,248.4090909090909,1165.0,473
2251,1571.8857142857144,261.54285714285714,1227.0,473
2265,275.74468085106383,267.36170212765956,1237.0,473
2270,469.7105263157895,266.86842105263156,1246.0,473
2174,150.2608695652174,243.5,1321.0,473
2181,212.9387755102041,248.83673469387756,1325.0,473
2202,140.81578947368422,253.10526315789474,1347.0,473
2255,91.0,263.5,1392.0,473
2253,172.6078431372549,263.1764705882353,1393.0,473
2260,207.26666666666668,264.5,1394.0,473
2256,303.21276595744683,263.8510638297872,1395.0,473
2264,223.1875,267.0208333333333,1400.0,473
2266,289.0,267.0,1402.0,473
2294,157.92857142857142,270.5238095238095,1425.0,473
2195,291.625,251.625,1504.0,473
2200,822.0,251.64444444444445,1512.0,473
2216,1001.7142857142857,255.03571428571428,1513.0,473
2285,498.1578947368421,269.3157894736842,1575.0,473
2286,518.7142857142857,269.5952380952381,1576.0,473
2261,816.780487804878,265.1463414634146,1602.0,473
2298,1284.3846153846155,272.21153846153845,1607.0,473
2303,977.2325581395348,271.6511627906977,1616.0,473
2335,1493.878787878788,275.45454545454544,1621.0,473
2336,1577.8,275.0,1624.0,473
2339,1317.892857142857,277.32142857142856,1635.0,473
2184,239.22222222222223,250.0,1666.0,473
2211,838.1162790697674,253.46511627906978,1678.0,473
2245,1506.1142857142856,259.45714285714286,1715.0,473
2304,993.5,271.5,1782.0,473
2340,1564.5483870967741,276.93548387096774,1805.0,473
2343,1519.0,279.0,1807.0,473
2177,173.390243902439,247.4390243902439,1821.0,473
2254,1528.5238095238096,262.1904761904762,1888.0,473
2249,1540.3076923076924,260.0,1889.0,473
2305,1006.8857142857142,271.54285714285714,1958.0,473
2212,865.5,253.5,2021.0,473
2206,881.25,252.90384615384616,2199.0,473
2273,189.5,268.1666666666667,2266.0,473
2328,965.0,275.4117647058824,2321.0,473
2476,917.8780487804878,271.4634146341463,947.0,474
2477,947.2666666666667,271.5,1100.0,474
2498,1561.8823529411766,274.6470588235294,1134.0,474
2530,1557.6486486486488,286.64864864864865,1153.0,474
2531,1593.2631578947369,286.1578947368421,1154.0,474
2532,1572.7096774193549,290.38709677419354,1156.0,474
2426,1583.1351351351352,262.3243243243243,1227.0,474
2464,466.52777777777777,270.4166666666667,1246.0,474
2354,162.66666666666666,244.13725490196077,1321.0,474
2361,225.53846153846155,249.07692307692307,1325.0,474
2377,152.2127659574468,253.17021276595744,1347.0,474
2433,102.73809523809524,264.54761904761904,1392.0,474
2428,184.52941176470588,263.19607843137254,1393.0,474
2434,220.0810810810811,264.7837837837838,1394.0,474
2440,234.16666666666666,266.6875,1400.0,474
2463,169.26666666666668,270.8666666666667,1425.0,474
2449,494.74285714285713,267.65714285714284,1575.0,474
2482,1281.2666666666667,272.1,1607.0,474
2499,975.6451612903226,275.38709677419354,1616.0,474
2512,1505.032258064516,276.35483870967744,1621.0,474
2506,1589.25,275.4,1624.0,474
2363,250.93023255813952,250.4418604651163,1666.0,474
2374,833.9787234042553,252.3404255319149,1678.0,474
2423,1517.75,259.975,1715.0,474
2478,988.9111111111112,272.44444444444446,1782.0,474
2519,1576.5,277.5,1805.0,474
2521,1529.0,279.5,1807.0,474
2358,186.2549019607843,247.62745098039215,1821.0,474
2430,1539.6451612903227,263.16129032258067,1888.0,474
2425,1552.125,260.875,1889.0,474
2479,1005.6296296296297,271.7037037037037,1958.0,474
2375,862.4137931034483,251.55172413793105,2021.0,474
2394,877.6842105263158,254.60526315789474,2199.0,474
2457,200.57692307692307,269.15384615384613,2266.0,474
2467,961.9756097560976,271.3658536585366,2321.0,474
2384,893.5882352941177,252.9607843137255,2372.0,474
2660,945.2272727272727,272.8181818181818,1100.0,475
2681,1572.6206896551723,275.55172413793105,1134.0,475
2706,1568.34375,287.09375,1153.0,475
2707,1583.5357142857142,290.60714285714283,1156.0,475
2607,1594.516129032258,262.6774193548387,1227.0,475
2623,466.02127659574467,267.17021276595744,1246.0,475
2535,175.37777777777777,244.46666666666667,1321.0,475
2539,237.48936170212767,249.4255319148936,1325.0,475
2554,163.72,252.84,1347.0,475
2611,115.18367346938776,264.53061224489795,1392.0,475
2609,196.53333333333333,263.64444444444445,1393.0,475
2612,230.58139534883722,264.74418604651163,1394.0,475
2621,246.64,266.82,1400.0,475
2640,180.30434782608697,270.95652173913044,1425.0,475
2625,493.0,267.5,1575.0,475
2644,973.9555555555555,271.1111111111111,1616.0,475
2687,1517.84,277.12,1621.0,475
2689,1597.6666666666667,275.6666666666667,1624.0,475
2543,263.34,251.24,1666.0,475
2601,1528.871794871795,260.4871794871795,1715.0,475
2673,988.0,275.5,1782.0,475
2688,1586.7307692307693,277.2307692307692,1805.0,475
2699,1541.0,280.0,1807.0,475
2538,198.2608695652174,248.5,1821.0,475
2616,1549.8461538461538,265.2307692307692,1888.0,475
2603,1564.7777777777778,261.5,1889.0,475
2661,1001.0222222222222,272.8222222222222,1958.0,475
2569,861.4222222222222,254.95555555555555,2021.0,475
2561,876.4642857142857,252.39285714285714,2199.0,475
2629,211.3783783783784,269.1621621621622,2266.0,475
2652,960.5714285714286,271.7142857142857,2321.0,475
2570,890.0,255.0,2372.0,475
2562,905.7446808510638,253.36170212765958,2547.0,475
2669,1060.0,275.3333333333333,2654.0,475
2709,719.2857142857143,678.0,2694.0,475
2833,941.0,273.0416666666667,1100.0,476
2857,1583.264705882353,276.05882352941177,1134.0,476
2884,1579.3793103448277,287.44827586206895,1153.0,476
2885,1594.5,290.5,1156.0,476
2717,249.84313725490196,250.2156862745098,1325.0,476
2790,208.5,264.5,1393.0,476
2791,241.6818181818182,264.70454545454544,1394.0,476
2798,258.1136363636364,267.3863636363636,1400.0,476
2834,971.5,272.5,1616.0,476
2866,1528.032258064516,277.35483870967744,1621.0,476
2719,275.625,251.33333333333334,1666.0,476
2776,1540.0,260.5,1715.0,476
2859,1596.6923076923076,276.9230769230769,1805.0,476
2874,1551.857142857143,280.0,1807.0,476
2715,210.36170212765958,249.0212765957447,1821.0,476
2782,1576.0,261.5,1889.0,476
2849,1000.1481481481482,275.6296296296296,1958.0,476
2736,857.8679245283018,253.0754716981132,2021.0,476
2746,873.725,255.0,2199.0,476
2810,222.25,269.44444444444446,2266.0,476
2839,956.3947368421053,273.63157894736844,2321.0,476
2737,888.0,252.89473684210526,2372.0,476
2747,902.2162162162163,255.27027027027026,2547.0,476
2850,1058.7222222222222,276.0,2654.0,476
2887,719.125,677.875,2694.0,476
2712,188.09803921568627,244.72549019607843,2697.0,476
2809,192.2,270.24444444444447,2794.0,476
2851,1071.5862068965516,275.3448275862069,2836.0,476
3034,1594.6190476190477,276.42857142857144,1134.0,477
3055,1590.0,288.3,1153.0,477
2895,262.61224489795916,250.53061224489795,1325.0,477
2967,220.16666666666666,264.6875,1393.0,477
2968,251.96428571428572,265.0357142857143,1394.0,477
3012,967.7111111111111,274.31111111111113,1616.0,477
3045,1541.52,278.48,1621.0,477
2959,1551.2432432432433,261.3243243243243,1715.0,477
3047,1562.0,281.0,1807.0,477
2891,222.77083333333334,249.3125,1821.0,477
2960,1587.1176470588234,261.5882352941176,1889.0,477
2996,997.1458333333334,271.5625,1958.0,477
2918,859.0,252.71428571428572,2021.0,477
2913,870.6734693877551,253.42857142857142,2199.0,477
2986,234.3783783783784,269.4594594594595,2266.0,477
3011,952.7857142857143,274.2142857142857,2321.0,477
2924,886.8181818181819,254.66666666666666,2372.0,477
2919,899.7692307692307,253.5,2547.0,477
3014,1053.5,274.0,2654.0,477
3059,719.2857142857143,678.0,2694.0,477
2889,200.5090909090909,245.03636363636363,2697.0,477
2990,204.04651162790697,270.5581395348837,2794.0,477
3023,1069.5151515151515,275.93939393939394,2836.0,477
2906,187.40425531914894,252.93617021276594,2890.0,477
2976,269.6341463414634,267.4878048780488,2960.0,477
3237,1597.5,288.0,1153.0,478
3070,274.22641509433964,250.9811320754717,1325.0,478
3141,232.19148936170214,264.5531914893617,1393.0,478
3144,265.7647058823529,265.5,1394.0,478
3202,964.25,275.45,1616.0,478
3064,234.83333333333334,249.3125,1821.0,478
3192,992.5416666666666,273.5833333333333,1958.0,478
3096,871.5,253.0,2199.0,478
3160,245.8372093023256,270.0,2266.0,478
3089,883.1666666666666,253.89583333333334,2372.0,478
3097,898.1860465116279,255.1860465116279,2547.0,478
3185,1054.060606060606,273.24242424242425,2654.0,478
3239,719.4,677.8,2694.0,478
3062,212.58,245.4,2697.0,478
3167,214.8095238095238,270.5952380952381,2794.0,478
3197,1067.2903225806451,274.5806451612903,2836.0,478
3079,200.76923076923077,252.84615384615384,2890.0,478
3148,280.9387755102041,267.44897959183675,2960.0,478
3068,535.4444444444445,249.7111111111111,3051.0,478
3247,286.1111111111111,251.35555555555555,1325.0,479
3317,243.45652173913044,264.67391304347825,1393.0,479
3319,275.88,265.76,1394.0,479
3242,247.17021276595744,249.17021276595744,1821.0,479
3366,991.3863636363636,273.97727272727275,1958.0,479
3337,257.76190476190476,269.5,2266.0,479
3264,884.5,252.5,2372.0,479
3265,895.52,254.22,2547.0,479
3371,1048.7674418604652,275.25581395348837,2654.0,479
3409,719.5,678.0,2694.0,479
3241,225.37777777777777,246.46666666666667,2697.0,479
3336,227.30434782608697,270.4130434782609,2794.0,479
3367,1062.5,273.5,2836.0,479
3255,211.92156862745097,253.0392156862745,2890.0,479
3326,292.5,267.5,2960.0,479
3257,530.5,252.5,3051.0,479
3262,327.44,254.08,3244.0,479
3269,468.80392156862746,254.9607843137255,3251.0,479
3304,1475.875,261.25,3286.0,479
3308,1455.421052631579,261.42105263157896,3290.0,479
3330,462.0,269.0,3312.0,479
3356,798.0,272.5,3338.0,479
3362,1490.0,272.5,3344.0,479
3395,1462.5,279.5,3377.0,479
3396,1476.3947368421052,279.60526315789474,3378.0,479
3397,1500.5,279.8333333333333,3379.0,479
3416,297.0681818181818,251.29545454545453,1325.0,480
3491,254.70212765957447,265.21276595744683,1393.0,480
3414,258.44444444444446,249.44444444444446,1821.0,480
3554,986.780487804878,276.6585365853659,1958.0,480
3511,269.92857142857144,269.5952380952381,2266.0,480
3557,1046.4516129032259,277.38709677419354,2654.0,480
3588,719.3333333333334,677.8888888888889,2694.0,480
3413,236.71153846153845,247.0,2697.0,480
3510,238.85106382978722,269.9148936170213,2794.0,480
3548,1060.162162162162,275.7027027027027,2836.0,480
3430,223.62222222222223,253.46666666666667,2890.0,480
3500,304.0444444444444,267.73333333333335,2960.0,480
3423,528.5102040816327,253.3673469387755,3051.0,480
3432,338.3809523809524,253.57142857142858,3244.0,480
3439,465.53125,255.09375,3251.0,480
3480,1487.162162162162,261.4594594594595,3286.0,480
3479,1466.7727272727273,261.59090909090907,3290.0,480
3518,458.54,270.94,3312.0,480
3531,796.1904761904761,272.57142857142856,3338.0,480
3535,1501.111111111111,272.85185185185185,3344.0,480
3567,1472.375,280.125,3377.0,480
3570,1487.5,280.5,3378.0,480
3568,1510.5714285714287,279.89285714285717,3379.0,480
3440,480.3265306122449,255.14285714285714,3420.0,480
3462,1240.5,259.0,3442.0,480
3472,1513.3636363636363,259.90909090909093,3452.0,480
3550,1109.4262295081967,276.5409836065574,3530.0,480
3593,308.9111111111111,251.4,1325.0,481
3671,266.46666666666664,265.6222222222222,1393.0,481
3591,270.12820512820514,249.51282051282053,1821.0,481
3688,281.65,270.45,2266.0,481
3590,248.58,247.22,2697.0,481
3687,250.79166666666666,269.8333333333333,2794.0,481
3733,1058.25,277.42857142857144,2836.0,481
3600,236.6304347826087,253.3913043478261,2890.0,481
3679,314.5681818181818,268.02272727272725,2960.0,481
3604,540.25,253.45454545454547,3051.0,481
3602,350.7857142857143,254.17857142857142,3244.0,481
3615,477.9642857142857,254.78571428571428,3251.0,481
3658,1497.942857142857,262.3142857142857,3286.0,481
3657,1478.5,262.0,3290.0,481
3689,469.63157894736844,270.2894736842105,3312.0,481
3712,808.0,273.61538461538464,3338.0,481
3708,1512.88,272.56,3344.0,481
3743,1483.861111111111,279.97222222222223,3377.0,481
3747,1498.1951219512196,281.0487804878049,3378.0,481
3748,1522.3809523809523,280.42857142857144,3379.0,481
3616,492.5,255.0,3420.0,481
3654,1234.675,261.725,3442.0,481
3649,1524.6666666666667,259.6666666666667,3452.0,481
3729,1101.5862068965516,276.3448275862069,3530.0,481
3699,852.0,271.5,3677.0,481
3714,834.3777777777777,273.53333333333336,3692.0,481
3770,320.6041666666667,251.60416666666666,1325.0,482
3844,278.0204081632653,265.9183673469388,1393.0,482
3762,281.375,249.60416666666666,1821.0,482
3863,293.6744186046512,270.86046511627904,2266.0,482
3857,262.1219512195122,269.5365853658537,2794.0,482
3772,248.62790697674419,253.48837209302326,2890.0,482
3850,328.8048780487805,267.9756097560976,2960.0,482
3774,552.3953488372093,253.53488372093022,3051.0,482
3783,361.76666666666665,254.56666666666666,3244.0,482
3797,490.0,255.3846153846154,3251.0,482
3834,1509.28125,263.125,3286.0,482
3828,1490.4166666666667,262.0833333333333,3290.0,482
3865,481.8139534883721,270.5581395348837,3312.0,482
3877,803.2380952380952,273.5,3338.0,482
3883,1524.5185185185185,273.3333333333333,3344.0,482
3915,1494.6944444444443,281.27777777777777,3377.0,482
3916,1509.175,280.775,3378.0,482
3917,1531.625,281.125,3379.0,482
3787,504.50943396226415,255.03773584905662,3420.0,482
3824,1231.878048780488,261.4634146341463,3442.0,482
3829,1535.5,261.0,3452.0,482
3890,1097.878787878788,275.45454545454544,3530.0,482
3879,846.4,273.65,3677.0,482
3878,833.9642857142857,274.2142857142857,3692.0,482
3809,1185.8333333333333,259.25,3787.0,482
3872,1056.86,273.22,3850.0,482
3938,360.88461538461536,251.30769230769232,3244.0,483
3949,489.4888888888889,253.62222222222223,3251.0,483
4011,1520.3793103448277,263.44827586206895,3286.0,483
4009,1500.92,262.56,3290.0,483
4027,479.0,268.7826086956522,3312.0,483
4062,800.0857142857143,274.8857142857143,3338.0,483
4059,1534.6296296296296,273.51851851851853,3344.0,483
4093,1506.0,281.6,3377.0,483
4091,1519.909090909091,281.04545454545456,3378.0,483
4094,1541.1538461538462,281.46153846153845,3379.0,483
3957,503.5,254.8,3420.0,483
3997,1244.0,261.6875,3442.0,483
3999,1545.3684210526317,261.7368421052632,3452.0,483
4076,1094.85,277.15,3530.0,483
4063,844.5625,274.8125,3677.0,483
4067,831.1481481481482,275.3703703703704,3692.0,483
3983,1197.5254237288136,259.08474576271186,3787.0,483
4070,1052.7941176470588,275.5882352941176,3850.0,483
3932,1379.5,42.5,3910.0,483
4048,1069.1818181818182,273.0,4026.0,483
4111,359.88235294117646,250.41176470588235,3244.0,484
4113,488.875,250.125,3251.0,484
4194,1531.4516129032259,263.61290322580646,3286.0,484
4187,1512.5,262.5,3290.0,484
4233,1546.0,273.5,3344.0,484
4267,1514.75,281.6,3377.0,484
4265,1530.7073170731708,281.1219512195122,3378.0,484
4123,500.7647058823529,253.5,3420.0,484
4184,1243.6666666666667,261.6666666666667,3442.0,484
4188,1556.0,262.0,3452.0,484
4261,1093.0,279.5,3530.0,484
4239,843.6206896551724,275.55172413793105,3677.0,484
4231,825.4473684210526,274.0263157894737,3692.0,484
4159,1191.1842105263158,258.8157894736842,3787.0,484
4240,1049.128205128205,275.4871794871795,3850.0,484
4106,1379.6666666666667,42.333333333333336,3910.0,484
4241,1064.4571428571428,275.62857142857143,4026.0,484
4177,1271.578947368421,262.1578947368421,4155.0,484
4225,884.0,273.1025641025641,4203.0,484
4227,1081.276595744681,272.9574468085106,4205.0,484
4236,1149.8823529411766,274.97058823529414,4214.0,484
4437,1527.5714285714287,281.89285714285717,3378.0,485
4399,837.3636363636364,273.6818181818182,3677.0,485
4410,824.1388888888889,276.22222222222223,3692.0,485
4346,1191.5,261.0,3787.0,485
4425,1045.0357142857142,278.42857142857144,3850.0,485
4280,1379.5,42.5,3910.0,485
4412,1061.0,275.5,4026.0,485
4352,1283.96875,262.59375,4155.0,485
4405,875.425,274.8375,4203.0,485
4417,1077.6363636363637,276.1818181818182,4205.0,485
4426,1149.111111111111,278.55555555555554,4214.0,485
4317,938.84375,255.6875,4295.0,485
4358,1268.7857142857142,263.42857142857144,4336.0,485
4395,1093.3181818181818,273.29545454545456,4373.0,485
4434,1541.6666666666667,281.07142857142856,4412.0,485
4612,1540.0,281.5,3378.0,486
4592,836.5,276.5,3677.0,486
4516,1188.7391304347825,261.69565217391306,3787.0,486
4614,1042.0,282.2121212121212,3850.0,486
4451,1380.0,42.0,3910.0,486
4601,1057.5,278.5,4026.0,486
4523,1296.4444444444443,262.4166666666667,4155.0,486
4595,868.2903225806451,277.2903225806452,4203.0,486
4585,1071.7619047619048,276.5,4205.0,486
4598,1146.88,277.44,4214.0,486
4492,932.75,256.6,4295.0,486
4527,1281.3783783783783,263.4594594594595,4336.0,486
4594,1088.5,276.5,4373.0,486
4613,1553.6097560975609,281.7560975609756,4412.0,486
4519,1507.3333333333333,260.8888888888889,4497.0,486
4541,325.64,267.22,4519.0,486
4624,1379.6,42.2,3910.0,487
4782,1055.0,281.5882352941176,4026.0,487
4700,1292.53125,263.4375,4155.0,487
4748,864.5416666666666,274.625,4203.0,487
4774,1069.7692307692307,279.5,4205.0,487
4775,1144.52,279.28,4214.0,487
4664,926.9607843137255,257.3137254901961,4295.0,487
4692,1280.5,262.25,4336.0,487
4762,1083.4736842105262,277.3157894736842,4373.0,487
4786,1550.1666666666667,281.76666666666665,4412.0,487
4695,1504.1176470588234,262.4117647058824,4497.0,487
4719,321.6666666666667,269.4166666666667,4519.0,487
4685,1404.5,260.5,4661.0,487
4741,1454.0,272.5,4717.0,487
4746,919.9787234042553,274.17021276595744,4722.0,487
4756,1370.68,275.24,4732.0,487
4757,1395.9583333333333,275.625,4733.0,487
4769,1432.0,276.5,4745.0,487
4784,1331.0869565217392,281.3478260869565,4760.0,487
4785,1423.3461538461538,281.61538461538464,4761.0,487
4787,1477.3846153846155,283.15384615384613,4763.0,487
4799,1396.5,291.0,4775.0,487
4801,1380.0,42.5,3910.0,488
4871,1291.8666666666666,262.2,4155.0,488
4943,861.7142857142857,277.32142857142856,4203.0,488
4959,1066.878787878788,281.54545454545456,4205.0,488
4950,1141.642857142857,280.0,4214.0,488
4850,923.4102564102565,258.84615384615387,4295.0,488
4855,1278.125,259.78125,4336.0,488
4949,1082.03125,279.59375,4373.0,488
4962,1562.148148148148,281.48148148148147,4412.0,488
4874,1514.6153846153845,262.38461538461536,4497.0,488
4900,333.6,269.7,4519.0,488
4862,1416.264705882353,260.55882352941177,4661.0,488
4913,1465.1142857142856,271.54285714285714,4717.0,488
4926,911.3975903614457,275.0240963855422,4722.0,488
4934,1381.3529411764705,275.05882352941177,4732.0,488
4942,1406.1818181818182,276.0,4733.0,488
4935,1444.0,275.7142857142857,4745.0,488
4941,1332.611111111111,277.1111111111111,4760.0,488
4963,1436.3333333333333,282.3703703703704,4761.0,488
4964,1489.590909090909,283.34090909090907,4763.0,488
4978,1405.5,290.8,4775.0,488
4872,1320.6,263.0,4848.0,488
4907,1265.5142857142857,271.0571428571429,4883.0,488
4933,1359.219512195122,276.1951219512195,4909.0,488
4961,1342.0,281.3333333333333,4937.0,488
4979,1380.0,42.0,3910.0,489
5048,1305.5,262.5,4155.0,489
5027,920.6666666666666,258.75,4295.0,489
5037,1291.6097560975609,260.3170731707317,4336.0,489
5135,1079.8620689655172,281.86206896551727,4373.0,489
5137,1573.0434782608695,282.30434782608694,4412.0,489
5050,1527.6666666666667,262.25,4497.0,489
5077,345.625,269.8541666666667,4519.0,489
5038,1428.8214285714287,260.7857142857143,4661.0,489
5088,1476.0,271.5,4717.0,489
5122,905.0,277.5882352941176,4722.0,489
5109,1395.0416666666667,275.625,4732.0,489
5110,1419.3333333333333,275.1111111111111,4733.0,489
5111,1456.0,275.875,4745.0,489
5118,1344.4864864864865,277.05405405405406,4760.0,489
5141,1446.6666666666667,282.3333333333333,4761.0,489
5144,1500.3846153846155,283.53846153846155,4763.0,489
5152,1418.1875,290.0,4775.0,489
5049,1333.5714285714287,262.7142857142857,4848.0,489
5087,1277.878048780488,271.4634146341463,4883.0,489
5119,1370.7857142857142,276.3095238095238,4909.0,489
5140,1355.5,281.8,4937.0,489
5096,756.0645161290323,273.741935483871,5071.0,489
5156,1380.0,42.5,3910.0,490
5222,1313.4117647058824,262.03921568627453,4155.0,490
5213,1300.6666666666667,260.26666666666665,4336.0,490
5313,1583.2608695652175,282.60869565217394,4412.0,490
5227,1538.3333333333333,262.75,4497.0,490
5253,357.8723404255319,270.1914893617021,4519.0,490
5226,1440.7333333333333,261.03333333333336,4661.0,490
5264,1489.3103448275863,271.62068965517244,4717.0,490
5276,900.6739130434783,275.2608695652174,4722.0,490
5291,1406.2857142857142,276.3333333333333,4732.0,490
5284,1430.5,275.125,4733.0,490
5285,1466.962962962963,275.85185185185185,4745.0,490
5290,1357.0294117647059,277.05882352941177,4760.0,490
5312,1459.7777777777778,282.5925925925926,4761.0,490
5314,1512.162162162162,283.72972972972974,4763.0,490
5325,1430.4,290.2,4775.0,490
5233,1344.2692307692307,263.4230769230769,4848.0,490
5263,1290.0,271.5882352941176,4883.0,490
5295,1382.5277777777778,277.3611111111111,4909.0,490
5311,1366.3809523809523,281.42857142857144,4937.0,490
5261,751.2894736842105,272.13157894736844,5071.0,490
5280,319.0869565217391,275.5652173913044,5255.0,490
5327,1380.0,42.0,3910.0,491
5387,1323.027027027027,262.0810810810811,4155.0,491
5401,1550.3333333333333,262.1111111111111,4497.0,491
5427,370.1041666666667,269.875,4519.0,491
5395,1452.6451612903227,261.38709677419354,4661.0,491
5440,1500.5,271.5,4717.0,491
5472,897.2857142857143,279.32142857142856,4722.0,491
5460,1417.3,276.5,4732.0,491
5457,1441.6315789473683,275.5263157894737,4733.0,491
5468,1478.5,277.0,4745.0,491
5466,1367.40625,277.34375,4760.0,491
5488,1468.3125,283.03125,4761.0,491
5490,1524.3863636363637,283.72727272727275,4763.0,491
5498,1442.3529411764705,291.05882352941177,4775.0,491
5405,1356.5,263.6666666666667,4848.0,491
5439,1301.3703703703704,271.48148148148147,4883.0,491
5467,1395.4642857142858,277.5,4909.0,491
5485,1379.5,281.6363636363636,4937.0,491
5444,748.7045454545455,273.8863636363636,5071.0,491
5452,329.0882352941176,275.3529411764706,5255.0,491
5330,394.375,250.66666666666666,5305.0,491
5335,376.51063829787233,251.5744680851064,5310.0,491
5344,196.15384615384616,253.4102564102564,5319.0,491
5370,151.76,257.5,5345.0,491
5413,210.92,266.96,5388.0,491
5417,194.88372093023256,267.5348837209302,5392.0,491
5418,225.1578947368421,267.7631578947368,5393.0,491
5420,140.93478260869566,268.9347826086956,5395.0,491
5421,177.83673469387756,268.9387755102041,5396.0,491
5501,1380.0,42.5,3910.0,492
5597,381.34,270.0,4519.0,492
5567,1465.0740740740741,261.2962962962963,4661.0,492
5612,1512.6296296296296,271.51851851851853,4717.0,492
5638,1379.3846153846155,277.53846153846155,4760.0,492
5658,1479.8,283.06666666666666,4761.0,492
5660,1536.3255813953488,283.8837209302326,4763.0,492
5582,1365.0,264.0,4848.0,492
5611,1312.1304347826087,271.6521739130435,4883.0,492
5639,1406.076923076923,277.4230769230769,4909.0,492
5657,1389.6923076923076,282.0,4937.0,492
5633,743.3333333333334,276.8333333333333,5071.0,492
5624,341.90909090909093,275.3636363636364,5255.0,492
5503,407.72549019607845,250.8235294117647,5305.0,492
5509,389.8695652173913,251.6304347826087,5310.0,492
5513,209.0731707317073,252.90243902439025,5319.0,492
5541,164.0,257.5,5345.0,492
5586,224.1,266.64,5388.0,492
5590,207.2608695652174,268.1521739130435,5392.0,492
5591,238.26470588235293,267.5,5393.0,492
5595,152.30232558139534,269.74418604651163,5395.0,492
5593,190.44230769230768,269.15384615384613,5396.0,492
5605,616.5818181818182,271.03636363636366,5580.0,492
5671,1379.6,42.2,3910.0,493
5733,1476.576923076923,261.15384615384613,4661.0,493
5779,1523.7714285714285,271.85714285714283,4717.0,493
5804,1391.7631578947369,277.55263157894734,4760.0,493
5825,1491.0714285714287,283.85714285714283,4761.0,493
5727,1376.8,260.8,4848.0,493
5778,1325.0,271.61538461538464,4883.0,493
5805,1419.0416666666667,277.375,4909.0,493
5818,1403.578947368421,280.6842105263158,4937.0,493
5790,748.875,274.875,5071.0,493
5788,353.78125,275.34375,5255.0,493
5672,420.1923076923077,251.32692307692307,5305.0,493
5676,402.2608695652174,251.5,5310.0,493
5680,220.53658536585365,252.9268292682927,5319.0,493
5711,175.53571428571428,257.7142857142857,5345.0,493
5754,236.3673469387755,266.6734693877551,5388.0,493
5760,219.8780487804878,268.4634146341463,5392.0,493
5755,251.3030303030303,267.3636363636364,5393.0,493
5770,162.44736842105263,270.6842105263158,5395.0,493
5759,202.8235294117647,269.2156862745098,5396.0,493
5780,615.3636363636364,271.90909090909093,5580.0,493
5971,1429.2857142857142,278.14285714285717,4909.0,494
5979,1414.5833333333333,280.75,4937.0,494
5954,751.1224489795918,275.46938775510205,5071.0,494
5952,366.14285714285717,275.4,5255.0,494
5843,433.6170212765957,251.46808510638297,5305.0,494
5842,415.2608695652174,251.5,5310.0,494
5848,234.5121951219512,253.14634146341464,5319.0,494
5874,189.3793103448276,257.55172413793105,5345.0,494
5918,247.86666666666667,266.5111111111111,5388.0,494
5928,232.5,269.0,5392.0,494
5925,262.61538461538464,267.46153846153845,5393.0,494
5937,174.04761904761904,271.4761904761905,5395.0,494
5927,215.3148148148148,269.24074074074076,5396.0,494
5942,612.6222222222223,271.53333333333336,5580.0,494
5917,1395.6470588235295,265.3529411764706,5892.0,494
6150,1426.2608695652175,281.0869565217391,4937.0,495
6136,743.85,279.05,5071.0,495
6002,427.9811320754717,251.62264150943398,5305.0,495
6019,411.51428571428573,254.62857142857143,5310.0,495
6007,246.6341463414634,252.46341463414635,5319.0,495
6040,200.14285714285714,257.85714285714283,5345.0,495
6077,260.0,266.5,5388.0,495
6087,243.89583333333334,269.1666666666667,5392.0,495
6078,274.4634146341463,267.219512195122,5393.0,495
6106,184.0,272.5,5395.0,495
6086,226.6122448979592,269.265306122449,5396.0,495
6107,605.2777777777778,272.8333333333333,5580.0,495
6076,1405.5,265.5,5892.0,495
6068,1374.3478260869565,263.4130434782609,6042.0,495
6320,1437.7692307692307,281.5,4937.0,496
6177,440.8085106382979,251.70212765957447,5305.0,496
6195,424.17857142857144,255.25,5310.0,496
6272,610.3010752688172,272.3440860215054,5580.0,496
6251,1417.5185185185185,265.55555555555554,5892.0,496
6244,1386.8510638297873,263.40425531914894,6042.0,496
6273,720.0714285714286,272.30357142857144,6247.0,496
6484,1450.5,281.5,4937.0,497
6422,1427.952380952381,265.9047619047619,5892.0,497
6407,1397.8222222222223,263.6,6042.0,497
6445,719.0,273.1923076923077,6247.0,497
6638,1455.90625,279.59375,4937.0,498
6574,1433.8478260869565,264.9347826086956,5892.0,498
6571,1406.0,263.4406779661017,6042.0,498
6599,720.1538461538462,268.96153846153845,6247.0,498
6534,771.075,256.775,6506.0,498
6796,1465.2857142857142,279.3469387755102,4937.0,499
6724,1418.890625,263.28125,6042.0,499
6768,720.1904761904761,273.42857142857144,6247.0,499
6687,768.8958333333334,255.91666666666666,6506.0,499
6721,1259.6666666666667,263.3333333333333,6693.0,499
6773,848.7619047619048,275.23809523809524,6745.0,499
6886,1423.8125,261.6875,6042.0,500
6925,718.2181818181818,271.0,6247.0,500
6840,769.5934959349594,255.15447154471545,6506.0,500
6880,1254.25,259.75,6693.0,500
6946,843.1176470588235,275.5882352941176,6745.0,500
7103,716.2222222222222,273.85185185185185,6247.0,501
7001,769.8938053097345,253.4867256637168,6506.0,501
7051,1246.357142857143,259.64285714285717,6693.0,501
7131,839.5,278.5,6745.0,501
7278,714.1304347826087,275.2173913043478,6247.0,502
7171,773.2631578947369,251.5,6506.0,502
7219,1240.6222222222223,259.46666666666664,6693.0,502
7283,837.3076923076923,275.56410256410254,6745.0,502
7396,1237.3333333333333,263.75,6693.0,503
7429,836.1190476190476,271.6666666666667,6745.0,503
7343,234.5,253.5,7315.0,503
7364,837.0,257.6666666666667,7336.0,503
7440,1003.7798165137615,275.92660550458714,7412.0,503
7507,245.27777777777777,254.27777777777777,7315.0,504
7521,837.1290322580645,256.64516129032256,7336.0,504
7603,1009.609756097561,276.0,7412.0,504
7531,934.675,258.275,7503.0,504
7537,731.0357142857143,259.42857142857144,7509.0,504
7622,895.6666666666666,279.25,7594.0,504
7668,256.6341463414634,254.5121951219512,7315.0,505
7682,843.527027027027,258.0135135135135,7336.0,505
7768,1022.15,276.1,7412.0,505
7691,946.9545454545455,258.8181818181818,7503.0,505
7674,729.7291666666666,256.0416666666667,7509.0,505
7781,903.1666666666666,277.8333333333333,7594.0,505
7833,268.3269230769231,255.07692307692307,7315.0,506
7837,841.2058823529412,254.41176470588235,7336.0,506
7936,1023.5,274.5,7412.0,506
7867,943.5,259.5,7503.0,506
7863,728.0,259.0,7509.0,506
7953,901.6279069767442,279.48837209302326,7594.0,506
7856,216.76315789473685,258.44736842105266,7828.0,506
7889,260.5625,264.6875,7861.0,506
8006,280.14,254.78,7315.0,507
7997,838.56,252.08,7336.0,507
8105,1018.7636363636364,276.3090909090909,7412.0,507
8033,939.4230769230769,259.7307692307692,7503.0,507
8095,727.1836734693877,275.1224489795918,7509.0,507
8097,901.0816326530612,275.2244897959184,7594.0,507
8021,229.15555555555557,257.9555555555556,7828.0,507
8054,272.52,265.02,7861.0,507
7994,319.67391304347825,253.41304347826087,7966.0,507
8174,292.1219512195122,254.46341463414635,7315.0,508
8195,937.2682926829268,259.2439024390244,7503.0,508
8182,725.85,254.95,7509.0,508
8258,898.9459459459459,273.35135135135135,7594.0,508
8184,240.0487804878049,257.0731707317073,7828.0,508
8221,284.64,265.22,7861.0,508
8166,331.6938775510204,254.16326530612244,7966.0,508
8201,783.25,259.85714285714283,8173.0,508
8329,305.5,253.5,7315.0,509
8346,252.82608695652175,257.0652173913044,7828.0,509
8390,297.0,265.64444444444445,7861.0,509
8330,344.40909090909093,254.3409090909091,7966.0,509
8424,783.0,273.5,8173.0,509
8391,462.6279069767442,265.51162790697674,8362.0,509
8489,318.20454545454544,253.36363636363637,7315.0,510
8512,264.2,256.725,7828.0,510
8556,308.5,265.5,7861.0,510
8495,356.3695652173913,254.3913043478261,7966.0,510
8583,780.0,272.5,8173.0,510
8567,460.8787878787879,268.45454545454544,8362.0,510
8521,943.953488372093,257.6511627906977,8492.0,510
8532,993.8787878787879,259.54545454545456,8503.0,510
8551,474.61224489795916,265.265306122449,8522.0,510
8610,886.969696969697,279.3333333333333,8581.0,510
8653,330.2093023255814,252.86046511627907,7315.0,511
8676,275.75,256.44444444444446,7828.0,511
8714,320.30434782608694,265.4130434782609,7861.0,511
8664,368.71153846153845,254.92307692307693,7966.0,511
8761,775.7272727272727,275.97727272727275,8173.0,511
8730,473.5925925925926,268.55555555555554,8362.0,511
8688,940.75,259.25,8492.0,511
8693,989.5,259.5,8503.0,511
8718,486.5,265.5,8522.0,511
8789,883.3,281.6,8581.0,511
8671,902.0217391304348,254.69565217391303,8641.0,511
8682,955.9375,257.5625,8652.0,511
8821,343.3333333333333,252.12121212121212,7315.0,512
8847,288.1212121212121,256.54545454545456,7828.0,512
8885,332.4130434782609,265.2826086956522,7861.0,512
8836,380.811320754717,255.0,7966.0,512
8846,775.8333333333334,255.05555555555554,8173.0,512
8899,484.2307692307692,268.5,8362.0,512
8853,937.9629629629629,258.2962962962963,8492.0,512
8858,987.3783783783783,258.5405405405405,8503.0,512
8890,498.7291666666667,265.9166666666667,8522.0,512
8926,882.5,275.1818181818182,8581.0,512
8841,901.3529411764706,254.2941176470588,8641.0,512
8857,953.4468085106383,259.2340425531915,8652.0,512
8845,718.5,255.63636363636363,8813.0,512
8864,1001.8888888888889,259.55555555555554,8832.0,512
8922,869.7631578947369,273.8421052631579,8890.0,512
8933,854.4864864864865,276.02702702702703,8901.0,512
8983,355.8709677419355,251.6451612903226,7315.0,513
9005,297.375,257.25,7828.0,513
9042,345.03921568627453,265.2352941176471,7861.0,513
8991,771.0869565217391,254.65217391304347,8173.0,513
9052,482.45,267.6,8362.0,513
9019,939.6190476190476,259.42857142857144,8492.0,513
9011,982.1632653061224,258.3673469387755,8503.0,513
9053,497.5833333333333,267.75,8522.0,513
9075,882.6410256410256,273.5128205128205,8581.0,513
9003,902.1621621621622,255.54054054054055,8641.0,513
9014,952.0,258.5,8652.0,513
9006,714.2222222222222,256.85185185185185,8813.0,513
9015,1000.0,258.5,8832.0,513
9087,866.6153846153846,275.84615384615387,8890.0,513
9086,848.530612244898,275.9591836734694,8901.0,513
9001,732.4285714285714,255.28571428571428,8969.0,513
9021,1047.8775510204082,259.46938775510205,8989.0,513
9081,895.1142857142858,275.0,9049.0,513
9170,939.5882352941177,256.5882352941176,8492.0,514
9182,978.5,259.5,8503.0,514
9219,494.8666666666667,268.68888888888887,8522.0,514
9248,879.4285714285714,276.14285714285717,8581.0,514
9175,901.0,258.85714285714283,8641.0,514
9181,952.6190476190476,259.57142857142856,8652.0,514
9163,708.4615384615385,255.84615384615384,8813.0,514
9172,995.1702127659574,258.40425531914894,8832.0,514
9255,860.5,276.5,8890.0,514
9234,844.8636363636364,273.1136363636364,8901.0,514
9168,730.2941176470588,257.0,8969.0,514
9191,1046.0,260.5,8989.0,514
9238,894.4791666666666,273.8541666666667,9049.0,514
9210,523.0222222222222,265.68888888888887,9178.0,514
9249,908.3529411764706,274.94117647058823,9217.0,514
9317,936.7586206896551,254.44827586206895,8492.0,515
9338,977.7777777777778,258.5,8503.0,515
9383,489.78846153846155,271.0769230769231,8522.0,515
9411,873.3777777777777,276.53333333333336,8581.0,515
9344,900.2894736842105,259.42105263157896,8641.0,515
9329,952.1176470588235,256.7647058823529,8652.0,515
9314,707.2641509433962,255.22641509433961,8813.0,515
9339,991.4468085106383,259.2340425531915,8832.0,515
9395,857.4186046511628,274.1162790697674,8890.0,515
9394,842.6222222222223,273.46666666666664,8901.0,515
9320,723.2,254.4,8969.0,515
9356,1041.0,260.6363636363636,8989.0,515
9412,890.7857142857143,276.5,9049.0,515
9371,521.8888888888889,267.55555555555554,9178.0,515
9401,906.7446808510638,274.63829787234044,9217.0,515
9472,699.0,253.5,8813.0,516
9502,989.5,258.5,8832.0,516
9552,854.6585365853658,273.9756097560976,8890.0,516
9572,836.8780487804878,277.4634146341463,8901.0,516
9483,719.6222222222223,255.53333333333333,8969.0,516
9493,1039.0,257.09375,8989.0,516
9567,886.390243902439,276.3170731707317,9049.0,516
9536,519.2448979591836,268.83673469387753,9178.0,516
9570,904.2,277.0,9217.0,516
9494,1100.5,257.5,9462.0,516
9503,1086.5,259.5,9471.0,516
9510,1073.0,260.5,9478.0,516
9513,1156.0,261.0,9481.0,516
9647,983.5061728395061,258.9753086419753,8832.0,517
9626,712.0,253.5,8969.0,517
9654,1033.4347826086957,258.9782608695652,8989.0,517
9708,883.8723404255319,273.1914893617021,9049.0,517
9698,513.2173913043479,271.2173913043478,9178.0,517
9722,898.1041666666666,276.1041666666667,9217.0,517
9656,1099.3777777777777,259.46666666666664,9462.0,517
9662,1084.9333333333334,260.4,9471.0,517
9661,1067.0,260.64,9478.0,517
9658,1147.8333333333333,259.7307692307692,9481.0,517
9657,1130.4,259.2,9624.0,517
9679,393.2307692307692,264.9423076923077,9646.0,517
9682,358.775,266.575,9649.0,517
9718,932.6,275.3,9685.0,517
9737,1211.0,279.0,9704.0,517
9808,1029.1346153846155,259.34615384615387,8989.0,518
9867,880.0227272727273,274.70454545454544,9049.0,518
9852,524.4081632653061,271.1224489795918,9178.0,518
9859,895.7674418604652,273.3488372093023,9217.0,518
9821,1096.4,260.8,9462.0,518
9819,1080.7,260.65,9471.0,518
9804,1064.4137931034484,257.6551724137931,9478.0,518
9814,1142.9259259259259,259.48148148148147,9481.0,518
9813,1126.0,259.0,9624.0,518
9833,405.3529411764706,265.11764705882354,9646.0,518
9836,370.68888888888887,266.8,9649.0,518
9880,927.5555555555555,278.2962962962963,9685.0,518
9901,1208.5,281.3636363636364,9704.0,518
9860,995.8260869565217,273.39130434782606,9825.0,518
10011,536.5,271.5,9178.0,519
10023,892.1224489795918,275.18367346938777,9217.0,519
9976,1092.5384615384614,260.7307692307692,9462.0,519
9962,1076.5294117647059,257.6764705882353,9471.0,519
9964,1059.0408163265306,259.3061224489796,9478.0,519
9970,1139.5,258.5,9481.0,519
9965,1123.7115384615386,259.25,9624.0,519
9987,416.80392156862746,264.96078431372547,9646.0,519
9993,382.0208333333333,266.9583333333333,9649.0,519
10035,923.4509803921569,276.88235294117646,9685.0,519
10047,1206.4642857142858,280.39285714285717,9704.0,519
10016,988.55,272.65,9825.0,519
9933,486.88235294117646,252.41176470588235,9898.0,519
9971,1167.724409448819,259.88188976377955,9936.0,519
9972,1213.825,259.65,9937.0,519
10164,548.3921568627451,272.11764705882354,9178.0,520
10117,1089.2058823529412,258.11764705882354,9462.0,520
10118,1072.4130434782608,259.10869565217394,9471.0,520
10122,1055.4857142857143,259.8285714285714,9478.0,520
10119,1136.595238095238,259.4761904761905,9481.0,520
10133,1118.6153846153845,261.38461538461536,9624.0,520
10142,428.9387755102041,264.6938775510204,9646.0,520
10148,394.03921568627453,267.03921568627453,9649.0,520
10176,919.8148148148148,274.8888888888889,9685.0,520
10207,1204.0,281.7142857142857,9704.0,520
10182,981.1428571428571,275.07142857142856,9825.0,520
10086,498.75,252.1,9898.0,520
10128,1165.857142857143,260.07142857142856,9936.0,520
10134,1209.1851851851852,261.5925925925926,9937.0,520
10123,1194.78125,259.59375,10088.0,520
10124,1224.8529411764705,259.88235294117646,10089.0,520
10269,1084.02,259.12,9462.0,521
10274,1068.1470588235295,260.0,9471.0,521
10285,1135.8333333333333,261.1666666666667,9481.0,521
10279,1117.5925925925926,260.55555555555554,9624.0,521
10295,440.75,264.54545454545456,9646.0,521
10300,406.30434782608694,266.5869565217391,9649.0,521
10331,917.2444444444444,275.84444444444443,9685.0,521
10364,1202.3333333333333,283.6363636363636,9704.0,521
10338,978.8857142857142,277.45714285714286,9825.0,521
10239,508.63157894736844,252.47368421052633,9898.0,521
10275,1164.3846153846155,259.38461538461536,9936.0,521
10276,1207.1515151515152,259.4848484848485,9937.0,521
10280,1191.0,260.92857142857144,10088.0,521
10286,1221.3333333333333,261.1111111111111,10089.0,521
10234,278.5531914893617,245.36170212765958,10199.0,521
10237,295.8695652173913,253.2826086956522,10202.0,521
10244,266.32608695652175,253.7391304347826,10209.0,521
10245,315.45652173913044,254.2391304347826,10210.0,521
10249,345.0,255.0,10214.0,521
10255,370.2244897959184,256.9387755102041,10220.0,521
10256,399.93333333333334,256.4,10221.0,521
10271,1148.2105263157894,259.3157894736842,10236.0,521
10281,1239.6190476190477,261.0,10246.0,521
10307,419.8666666666667,268.8,10272.0,521
10310,653.4347826086956,268.5869565217391,10275.0,521
10365,1504.3846153846155,283.53846153846155,10330.0,521
10429,1081.4054054054054,261.3783783783784,9462.0,522
10415,1114.4358974358975,259.2564102564103,9624.0,522
10438,452.5,264.5,9646.0,522
10446,418.10869565217394,266.7826086956522,9649.0,522
10500,977.7647058823529,281.5,9825.0,522
10388,522.2,253.0,9898.0,522
10419,1160.775,259.5,9936.0,522
10424,1204.0384615384614,260.36538461538464,9937.0,522
10430,1192.0,260.84615384615387,10088.0,522
10420,1219.3793103448277,259.44827586206895,10089.0,522
10380,289.8867924528302,243.32075471698113,10199.0,522
10383,307.7173913043478,253.08695652173913,10202.0,522
10389,278.75555555555553,254.7111111111111,10209.0,522
10390,327.72549019607845,254.88235294117646,10210.0,522
10391,356.5,254.77083333333334,10214.0,522
10401,382.83673469387753,257.14285714285717,10220.0,522
10402,408.56,256.32,10221.0,522
10433,1144.875,261.875,10236.0,522
10431,1234.3529411764705,261.29411764705884,10246.0,522
10451,431.625,268.875,10272.0,522
10453,666.1224489795918,269.1224489795918,10275.0,522
10509,1503.3636363636363,281.90909090909093,10330.0,522
10416,1455.7619047619048,258.57142857142856,10381.0,522
10434,1481.0,262.86206896551727,10399.0,522
10435,1498.7045454545455,263.15909090909093,10400.0,522
10504,1539.5,281.0,10469.0,522
10571,1109.5,259.5,9624.0,523
10596,465.55555555555554,264.55555555555554,9646.0,523
10600,429.7111111111111,266.0,9649.0,523
10539,532.7058823529412,252.58823529411765,9898.0,523
10587,1156.6153846153845,261.61538461538464,9936.0,523
10581,1201.2142857142858,260.0,9937.0,523
10574,1190.0,259.0,10088.0,523
10575,1216.5869565217392,259.9347826086956,10089.0,523
10533,301.82978723404256,243.2127659574468,10199.0,523
10538,319.2708333333333,253.02083333333334,10202.0,523
10543,290.48,254.92,10209.0,523
10544,339.5,255.15384615384616,10210.0,523
10545,368.6666666666667,254.75555555555556,10214.0,523
10558,394.8125,257.4375,10220.0,523
10549,422.27777777777777,255.58333333333334,10221.0,523
10580,1142.0967741935483,260.38709677419354,10236.0,523
10576,1232.0,259.5,10246.0,523
10606,443.3478260869565,269.2608695652174,10272.0,523
10608,662.9,269.26,10275.0,523
10654,1514.85,280.95,10330.0,523
10577,1467.44,259.28,10381.0,523
10589,1493.5,262.5,10399.0,523
10590,1510.8292682926829,263.3170731707317,10400.0,523
10655,1549.8181818181818,281.8181818181818,10469.0,523
10582,1262.9736842105262,260.94736842105266,10547.0,523
10609,678.1372549019608,269.1372549019608,10574.0,523
10664,1481.3333333333333,284.26666666666665,10629.0,523
10679,1539.6666666666667,290.8888888888889,10644.0,523
10736,1106.6,261.14285714285717,9624.0,524
10749,477.1276595744681,264.51063829787233,9646.0,524
10753,441.02127659574467,265.9148936170213,9649.0,524
10730,1157.076923076923,260.5,9936.0,524
10724,1185.125,259.90625,10088.0,524
10737,1216.0,260.84615384615387,10089.0,524
10685,312.52777777777777,243.11111111111111,10199.0,524
10691,333.19444444444446,253.0,10202.0,524
10697,301.88461538461536,255.0,10209.0,524
10698,352.125,255.08928571428572,10210.0,524
10699,380.5,254.5,10214.0,524
10710,407.82,257.4,10220.0,524
10703,434.23809523809524,255.5,10221.0,524
10723,1138.9032258064517,259.4516129032258,10236.0,524
10732,1228.9791666666667,260.5625,10246.0,524
10759,455.75,269.0357142857143,10272.0,524
10766,660.1714285714286,270.77142857142854,10275.0,524
10807,1527.4285714285713,280.85714285714283,10330.0,524
10726,1479.2857142857142,259.60714285714283,10381.0,524
10743,1505.5185185185185,262.6666666666667,10399.0,524
10748,1522.162162162162,263.5405405405405,10400.0,524
10818,1562.5555555555557,282.6666666666667,10469.0,524
10740,1259.0,261.5,10547.0,524
10761,675.4285714285714,269.2857142857143,10574.0,524
10822,1493.3939393939395,284.72727272727275,10629.0,524
10830,1548.0,291.125,10644.0,524
10804,1315.5217391304348,280.82608695652175,10769.0,524
10899,453.3720930232558,266.51162790697674,9649.0,525
10874,1153.128205128205,259.4871794871795,9936.0,525
10876,1218.8055555555557,259.5833333333333,10089.0,525
10837,325.1914893617021,244.25531914893617,10199.0,525
10841,343.01960784313724,253.07843137254903,10202.0,525
10848,314.06976744186045,255.4418604651163,10209.0,525
10849,364.0,255.0,10210.0,525
10850,390.4153846153846,254.75384615384615,10214.0,525
10863,420.0,257.5,10220.0,525
10854,445.8666666666667,255.51111111111112,10221.0,525
10873,1134.5,259.5,10236.0,525
10887,1228.4,261.2,10246.0,525
10903,467.09090909090907,268.75757575757575,10272.0,525
10907,657.5625,269.9791666666667,10275.0,525
10951,1534.7692307692307,280.84615384615387,10330.0,525
10878,1490.5,260.3529411764706,10381.0,525
10892,1517.12,262.44,10399.0,525
10895,1533.2820512820513,263.6666666666667,10400.0,525
10952,1573.0,281.8,10469.0,525
10877,1258.3793103448277,259.44827586206895,10547.0,525
10910,672.0,270.8974358974359,10574.0,525
10968,1505.4545454545455,284.8787878787879,10629.0,525
10981,1559.5,291.5,10644.0,525
10946,1323.0,280.30434782608694,10769.0,525
10891,1405.595238095238,262.9047619047619,10856.0,525
10901,1452.5,266.5,10866.0,525
10938,1407.2857142857142,277.60714285714283,10903.0,525
10940,1428.0967741935483,278.5483870967742,10905.0,525
10950,1460.8636363636363,281.72727272727275,10915.0,525
10976,1367.25,285.875,10941.0,525
10980,1408.2142857142858,291.7142857142857,10945.0,525
10983,1434.3255813953488,293.3953488372093,10948.0,525
11050,464.75555555555553,266.5777777777778,9649.0,526
11023,1147.3783783783783,259.5405405405405,9936.0,526
10990,351.2105263157895,253.3684210526316,10202.0,526
11001,325.4390243902439,255.85365853658536,10209.0,526
11002,376.0625,255.5625,10210.0,526
10998,401.03846153846155,254.92307692307693,10214.0,526
11012,431.16279069767444,257.74418604651163,10220.0,526
10999,459.1333333333333,255.17777777777778,10221.0,526
11033,1132.6216216216217,261.4594594594595,10236.0,526
11056,478.2368421052632,268.55263157894734,10272.0,526
11060,668.3030303030303,270.06060606060606,10275.0,526
11026,1502.0666666666666,259.8666666666667,10381.0,526
11040,1529.111111111111,263.0740740740741,10399.0,526
11047,1545.6285714285714,263.51428571428573,10400.0,526
11112,1582.5,282.5,10469.0,526
11030,1255.5121951219512,261.0243902439024,10547.0,526
11063,683.6829268292682,271.1463414634146,10574.0,526
11116,1517.2,284.56666666666666,10629.0,526
11125,1571.0,291.0,10644.0,526
11100,1326.6333333333334,280.98333333333335,10769.0,526
11039,1417.2820512820513,263.3333333333333,10856.0,526
11053,1463.842105263158,267.1578947368421,10866.0,526
11095,1419.8214285714287,278.2142857142857,10903.0,526
11096,1440.235294117647,279.1764705882353,10905.0,526
11110,1475.08,283.32,10915.0,526
11109,1372.9333333333334,283.73333333333335,10941.0,526
11124,1419.590909090909,291.72727272727275,10945.0,526
11126,1446.6,293.3,10948.0,526
11052,1384.3478260869565,266.95652173913044,11016.0,526
11180,1145.3793103448277,261.44827586206895,9936.0,527
11152,336.93023255813955,256.5581395348837,10209.0,527
11146,387.75,255.47727272727272,10210.0,527
11155,442.48936170212767,258.36170212765956,10220.0,527
11143,470.30434782608694,254.58695652173913,10221.0,527
11207,668.0,270.84615384615387,10275.0,527
11182,1512.5172413793102,261.37931034482756,10381.0,527
11190,1541.2727272727273,263.5,10399.0,527
11191,1557.3783783783783,263.5405405405405,10400.0,527
11185,1257.3529411764705,261.94117647058823,10547.0,527
11204,682.1666666666666,270.92857142857144,10574.0,527
11256,1528.0,284.17391304347825,10629.0,527
11266,1580.6666666666667,290.3333333333333,10644.0,527
11243,1331.88,281.56,10769.0,527
11186,1428.9302325581396,263.2093023255814,10856.0,527
11201,1475.7142857142858,267.42857142857144,10866.0,527
11233,1430.9333333333334,278.7,10903.0,527
11239,1452.3783783783783,279.4594594594595,10905.0,527
11255,1485.0,283.5217391304348,10915.0,527
11258,1385.9565217391305,284.8695652173913,10941.0,527
11267,1432.0,292.0,10945.0,527
11268,1458.5,292.8157894736842,10948.0,527
11195,1397.1923076923076,266.2692307692308,11016.0,527
11278,467.1219512195122,253.46341463414635,10221.0,528
11341,665.74,270.96,10275.0,528
11321,1523.551724137931,261.3103448275862,10381.0,528
11327,1551.7142857142858,263.85714285714283,10399.0,528
11310,1254.3,259.35,10547.0,528
11396,1538.275,284.925,10629.0,528
11383,1343.1304347826087,281.5217391304348,10769.0,528
11325,1441.0,263.1,10856.0,528
11339,1487.0,268.0,10866.0,528
11377,1444.103448275862,279.13793103448273,10903.0,528
11378,1462.764705882353,279.5,10905.0,528
11393,1496.40625,283.65625,10915.0,528
11395,1397.6818181818182,285.04545454545456,10941.0,528
11404,1443.3684210526317,292.2631578947368,10945.0,528
11403,1470.780487804878,291.8536585365854,10948.0,528
11333,1409.111111111111,266.77777777777777,11016.0,528
11273,443.875,252.3125,11231.0,528
11463,1534.6521739130435,261.4782608695652,10381.0,529
11467,1564.3846153846155,263.61538461538464,10399.0,529
11533,1549.6756756756756,285.4054054054054,10629.0,529
11520,1354.7857142857142,281.92857142857144,10769.0,529
11466,1453.142857142857,263.4,10856.0,529
11477,1499.9473684210527,267.42105263157896,10866.0,529
11510,1453.642857142857,278.9642857142857,10903.0,529
11514,1473.7692307692307,279.5,10905.0,529
11530,1509.1176470588234,284.4117647058824,10915.0,529
11532,1410.1333333333334,285.46666666666664,10941.0,529
11541,1456.0,292.77272727272725,10945.0,529
11540,1482.780487804878,292.2682926829268,10948.0,529
11476,1420.344827586207,266.9655172413793,11016.0,529
11421,442.19607843137254,255.0392156862745,11231.0,529
11594,1546.4285714285713,261.42857142857144,10381.0,530
11603,1575.5,263.8,10399.0,530
11670,1560.6666666666667,285.23333333333335,10629.0,530
11601,1465.3714285714286,263.48571428571427,10856.0,530
11609,1510.5,267.7142857142857,10866.0,530
11644,1466.516129032258,278.8709677419355,10903.0,530
11648,1484.7857142857142,279.7857142857143,10905.0,530
11665,1521.421052631579,284.42105263157896,10915.0,530
11675,1468.0454545454545,292.6363636363636,10945.0,530
11674,1495.5,291.63157894736844,10948.0,530
11608,1433.875,266.375,11016.0,530
11554,441.6326530612245,255.0204081632653,11231.0,530
11570,1128.3478260869565,256.04347826086956,11526.0,530
11658,1528.5263157894738,283.10526315789474,11614.0,530
11803,1525.090909090909,286.1818181818182,10915.0,531
11688,452.8787878787879,254.54545454545453,11231.0,531
11719,1131.3809523809523,259.57142857142856,11526.0,531
11799,1532.142857142857,284.07142857142856,11614.0,531
11787,1497.148148148148,280.51851851851853,11743.0,531
11832,450.6304347826087,256.60869565217394,11231.0,532
11847,1128.4807692307693,259.5576923076923,11526.0,532
11932,1543.5,284.5,11614.0,532
11918,1509.3333333333333,281.037037037037,11743.0,532
11985,1127.6521739130435,260.5217391304348,11526.0,533
12064,1552.7058823529412,284.70588235294116,11614.0,533
12048,1520.5,281.3636363636364,11743.0,533
11955,544.8695652173913,255.06521739130434,11909.0,533
12001,1501.5925925925926,264.55555555555554,11955.0,533
12018,1035.9787234042553,272.2340425531915,11972.0,533
12024,1079.0,275.13793103448273,11978.0,533
12070,1500.7222222222222,294.3888888888889,12024.0,533
12126,1121.8125,263.3125,11526.0,534
12194,1558.5,286.5,11614.0,534
12179,1532.3,281.5,11743.0,534
12088,556.5434782608696,255.32608695652175,11909.0,534
12131,1513.36,264.2,11955.0,534
12162,1036.857142857143,276.3333333333333,11972.0,534
12166,1074.5,277.6363636363636,11978.0,534
12200,1511.8695652173913,294.9130434782609,12024.0,534
12140,814.4318181818181,269.72727272727275,12094.0,534
12144,798.3191489361702,271.1914893617021,12098.0,534
12257,1134.5,263.5,11526.0,535
12312,1542.0,282.0,11743.0,535
12216,555.1333333333333,254.86666666666667,11909.0,535
12264,1525.2727272727273,264.27272727272725,11955.0,535
12292,1047.3793103448277,276.44827586206895,11972.0,535
12298,1088.909090909091,278.75757575757575,11978.0,535
12329,1522.2727272727273,294.45454545454544,12024.0,535
12279,810.8780487804878,271.4634146341463,12094.0,535
12284,795.1025641025641,272.6923076923077,12098.0,535
12208,528.5,251.5,12162.0,535
12383,1145.3809523809523,263.57142857142856,11526.0,536
12344,559.4421052631579,255.85263157894738,11909.0,536
12387,1537.8620689655172,264.2413793103448,11955.0,536
12417,1060.1818181818182,276.77272727272725,11972.0,536
12426,1101.3030303030303,279.27272727272725,11978.0,536
12453,1534.1666666666667,293.94444444444446,12024.0,536
12409,807.7380952380952,273.23809523809524,12094.0,536
12401,792.1481481481482,271.3703703703704,12098.0,536
12335,534.8526315789474,252.96842105263158,12162.0,536
12350,907.6190476190476,255.42857142857142,12303.0,536
12486,564.8780487804878,257.4634146341463,11909.0,537
12514,1549.9117647058824,264.8235294117647,11955.0,537
12541,1054.2674418604652,277.0,11972.0,537
12553,1095.8823529411766,279.70588235294116,11978.0,537
12578,1545.8947368421052,294.57894736842104,12024.0,537
12525,806.1481481481482,271.3703703703704,12094.0,537
12533,790.0,271.5,12098.0,537
12472,539.918918918919,254.78378378378378,12162.0,537
12482,902.3636363636364,257.3181818181818,12303.0,537
12522,850.7391304347826,270.9782608695652,12475.0,537
12657,804.5,271.5,12094.0,538
12656,785.1458333333334,273.0833333333333,12098.0,538
12596,538.3783783783783,255.45945945945945,12162.0,538
12608,901.4081632653061,257.83673469387753,12303.0,538
12650,847.25,271.44444444444446,12475.0,538
12722,535.0869565217391,257.04347826086956,12162.0,539
12740,892.6571428571428,259.57142857142856,12303.0,539
12782,845.3777777777777,273.46666666666664,12475.0,539
12766,1473.1785714285713,268.0357142857143,12716.0,539
12786,925.5,275.0,12736.0,539
12812,1332.85,284.05,12762.0,539
12856,890.875,259.125,12303.0,540
12897,842.25,271.44444444444446,12475.0,540
12891,1485.2692307692307,267.8076923076923,12716.0,540
12926,924.5,278.0,12736.0,540
12936,1343.8148148148148,283.85185185185185,12762.0,540
12933,1495.4545454545455,282.54545454545456,12883.0,540
12986,885.4054054054054,258.5405405405405,12303.0,541
13031,839.5,271.5,12475.0,541
13022,1497.4642857142858,267.60714285714283,12716.0,541
13040,919.2380952380952,275.5,12736.0,541
13044,1351.1333333333334,275.46666666666664,12762.0,541
13062,1508.45,282.35,12883.0,541
13083,1477.8,298.0,13033.0,541
13103,881.7777777777778,256.5,12303.0,542
13152,832.5333333333333,273.31111111111113,12475.0,542
13145,1509.0740740740741,267.8888888888889,12716.0,542
13154,910.9,272.425,12736.0,542
13175,1355.142857142857,278.07142857142856,12762.0,542
13187,1518.0,283.38461538461536,12883.0,542
13200,1490.5,298.5,13033.0,542
13225,878.8,255.4,12303.0,543
13285,826.2325581395348,273.6511627906977,12475.0,543
13272,1521.1875,267.34375,12716.0,543
13278,908.0882352941177,271.8235294117647,12736.0,543
13306,1364.5,278.5,12762.0,543
13309,1529.5,283.5,12883.0,543
13324,1501.6923076923076,298.0,13033.0,543
13314,1517.1666666666667,284.0833333333333,13262.0,543
13404,906.2307692307693,273.0769230769231,12736.0,544
13439,1540.764705882353,283.5,12883.0,544
13451,1512.32,298.76,13033.0,544
13443,1527.0,284.0,13262.0,544
13384,995.625,263.78125,13332.0,544
13426,972.5,277.5,13374.0,544
13523,903.5357142857143,271.60714285714283,12736.0,545
13557,1552.121212121212,283.54545454545456,12883.0,545
13570,1523.9130434782608,299.4347826086956,13033.0,545
13556,1536.2631578947369,283.7368421052632,13262.0,545
13485,991.5098039215686,258.7647058823529,13332.0,545
13536,968.5714285714286,276.26190476190476,13374.0,545
13675,1563.8387096774193,284.0,12883.0,546
13689,1534.9130434782608,299.4347826086956,13033.0,546
13679,1547.3076923076924,284.0,13262.0,546
13618,981.7647058823529,261.3529411764706,13332.0,546
13650,959.7619047619048,273.5,13374.0,546
13796,1557.2222222222222,284.5,13262.0,547
13729,979.8,260.4,13332.0,547
13766,958.3703703703703,273.1111111111111,13374.0,547
13694,551.1190476190476,252.97619047619048,13641.0,547
13743,1489.5277777777778,262.5833333333333,13690.0,547
13778,1481.764705882353,277.1764705882353,13725.0,547
13799,1511.7,285.1,13746.0,547
13915,1569.6666666666667,285.1111111111111,13262.0,548
13836,975.1111111111111,259.22222222222223,13332.0,548
13877,955.3684210526316,272.07894736842104,13374.0,548
13814,549.7777777777778,255.0,13641.0,548
13857,1501.5,263.2105263157895,13690.0,548
13892,1492.7179487179487,277.3333333333333,13725.0,548
13914,1523.8695652173913,284.5652173913044,13746.0,548
13920,1377.8695652173913,292.5652173913044,13867.0,548
14027,1581.357142857143,285.7142857142857,13262.0,549
13997,953.1875,273.0,13374.0,549
13929,532.875,252.875,13641.0,549
13979,1513.0277777777778,263.44444444444446,13690.0,549
14012,1504.25,277.45,13725.0,549
14025,1533.8620689655172,284.62068965517244,13746.0,549
14034,1387.857142857143,293.07142857142856,13867.0,549
14041,530.3783783783783,253.45945945945945,13641.0,550
14091,1525.6285714285714,263.48571428571427,13690.0,550
14122,1516.6341463414635,277.4878048780488,13725.0,550
14139,1545.0,285.0,13746.0,550
14147,1401.0,294.0,13867.0,550
14157,556.6315789473684,253.1578947368421,13641.0,551
14203,1537.5,263.5,13690.0,551
14236,1528.121951219512,277.4634146341463,13725.0,551
14252,1555.8461538461538,284.96153846153845,13746.0,551
14247,1407.3333333333333,282.26666666666665,13867.0,551
14151,1379.6666666666667,42.333333333333336,14095.0,551
14197,1366.5740740740741,263.0,14141.0,551
14205,1402.142857142857,264.07142857142856,14149.0,551
14207,1458.5,264.0,14151.0,551
14231,1425.6410256410256,275.5128205128205,14175.0,551
14242,1468.7142857142858,279.22857142857146,14186.0,551
14245,1312.0,281.0,14189.0,551
14248,1485.3636363636363,282.90909090909093,14192.0,551
14249,1326.0333333333333,284.53333333333336,14193.0,551
14251,1364.8,285.36,14195.0,551
14255,1347.142857142857,287.57142857142856,14199.0,551
14315,1549.128205128205,263.4871794871795,13690.0,552
14352,1540.5,278.5,13725.0,552
14358,1420.7777777777778,281.5,13867.0,552
14263,1380.0,42.0,14095.0,552
14311,1378.088888888889,262.6,14141.0,552
14317,1412.3333333333333,264.1111111111111,14149.0,552
14319,1467.0833333333333,264.75,14151.0,552
14344,1437.6511627906978,275.9767441860465,14175.0,552
14351,1482.1923076923076,278.8076923076923,14186.0,552
14357,1324.3333333333333,281.26666666666665,14189.0,552
14359,1492.3157894736842,282.0,14192.0,552
14360,1338.3793103448277,284.55172413793105,14193.0,552
14362,1376.3478260869565,285.5217391304348,14195.0,552
14364,1358.72,287.48,14199.0,552
14426,1561.4722222222222,263.5833333333333,13690.0,553
14459,1551.6279069767443,278.90697674418607,13725.0,553
14470,1430.96,282.68,13867.0,553
14374,1379.5,42.5,14095.0,553
14421,1391.2291666666667,263.0833333333333,14141.0,553
14429,1425.8125,264.0,14149.0,553
14431,1477.5,264.0,14151.0,553
14454,1450.76,277.12,14175.0,553
14456,1494.157894736842,277.6842105263158,14186.0,553
14468,1334.875,281.125,14189.0,553
14471,1503.3,282.5,14192.0,553
14473,1349.5,284.5,14193.0,553
14472,1385.7333333333333,283.53333333333336,14195.0,553
14476,1370.1153846153845,288.03846153846155,14199.0,553
14536,1574.2068965517242,263.6551724137931,13690.0,554
14571,1564.6363636363637,279.02272727272725,13725.0,554
14585,1443.5714285714287,282.95238095238096,13867.0,554
14483,1379.6666666666667,42.333333333333336,14095.0,554
14531,1402.2,262.96,14141.0,554
14538,1438.5,264.0,14149.0,554
14541,1491.0,265.0,14151.0,554
14568,1464.6842105263158,277.2631578947368,14175.0,554
14575,1505.8,279.73333333333335,14186.0,554
14580,1348.3333333333333,281.77777777777777,14189.0,554
14582,1516.095238095238,282.3809523809524,14192.0,554
14586,1362.0344827586207,284.58620689655174,14193.0,554
14581,1397.0,282.5,14195.0,554
14590,1381.4583333333333,288.25,14199.0,554
14690,1455.8333333333333,283.05555555555554,13867.0,555
14599,1380.0,42.5,14095.0,555
14645,1412.672131147541,263.04918032786884,14141.0,555
14652,1450.8181818181818,264.0,14149.0,555
14655,1503.5,265.5,14151.0,555
14676,1473.3589743589744,276.43589743589746,14175.0,555
14684,1513.1176470588234,280.4117647058824,14186.0,555
14688,1360.0,282.5,14189.0,555
14686,1520.3529411764705,281.29411764705884,14192.0,555
14692,1373.5,284.6,14193.0,555
14689,1411.85,284.475,14195.0,555
14694,1394.421052631579,288.6842105263158,14199.0,555
14613,660.3703703703703,255.4814814814815,14554.0,555
14794,1469.1333333333334,283.46666666666664,13867.0,556
14754,1463.08,264.76,14149.0,556
14757,1515.5384615384614,265.15384615384613,14151.0,556
14778,1486.25,276.25,14175.0,556
14791,1528.1714285714286,281.0571428571429,14192.0,556
14707,660.7631578947369,254.44736842105263,14554.0,556
14713,673.0,255.6153846153846,14654.0,556
14896,1477.7142857142858,283.2857142857143,13867.0,557
14881,1494.2857142857142,276.0,14175.0,557
14894,1534.6363636363637,281.90909090909093,14192.0,557
14812,660.3783783783783,254.54054054054055,14554.0,557
14813,673.0975609756098,255.0,14654.0,557
14914,641.5,254.4,14554.0,558
14926,656.2631578947369,257.5,14654.0,558
15024,640.5,256.0,14554.0,559
15018,653.09375,255.0625,14654.0,559
15111,636.6285714285714,255.11428571428573,14554.0,560
15119,650.6923076923077,257.0,14654.0,560
